[
  {
    "id": 0,
    "heading": "Content heading for #0",
    "content": "Lorem ipsum dolor sit amet, consectetur adipiscing elit. Nunc convallis interdum eleifend. Sed tempor eget sapien et fermentum. Sed a ante lacinia, adipiscing ligula at, euismod ipsum. Mauris ullamcorper congue mauris vitae venenatis. Integer dictum dui eget quam rhoncus, sit amet tempor orci cursus. Praesent nec ultrices nisl. Nam quis justo felis. Etiam dapibus condimentum augue vitae fermentum. Sed tempus mi justo.",
    "author": "John Doe",
    "email": "john@doe.com"
  },
  {
    "id": 1,
    "heading": "Content heading for #1",
    "content": "Lorem ipsum dolor sit amet, consectetur adipiscing elit. Nunc convallis interdum eleifend. Sed tempor eget sapien et fermentum. Sed a ante lacinia, adipiscing ligula at, euismod ipsum. Mauris ullamcorper congue mauris vitae venenatis. Integer dictum dui eget quam rhoncus, sit amet tempor orci cursus. Praesent nec ultrices nisl. Nam quis justo felis. Etiam dapibus condimentum augue vitae fermentum. Sed tempus mi justo.",
    "author": "Jane Doe",
    "email": "jane@doe.com"
  },
  {
    "id": 2,
    "heading": "Content heading for #2",
    "content": "Lorem ipsum dolor sit amet, consectetur adipiscing elit. Nunc convallis interdum eleifend. Sed tempor eget sapien et fermentum. Sed a ante lacinia, adipiscing ligula at, euismod ipsum. Mauris ullamcorper congue mauris vitae venenatis. Integer dictum dui eget quam rhoncus, sit amet tempor orci cursus. Praesent nec ultrices nisl. Nam quis justo felis. Etiam dapibus condimentum augue vitae fermentum. Sed tempus mi justo.",
    "author": "Foo Bar",
    "email": "foo@bar.com"
  },
  {
    "id": 3,
    "heading": "Content heading for #3",
    "content": "Lorem ipsum dolor sit amet, consectetur adipiscing elit. Nunc convallis interdum eleifend. Sed tempor eget sapien et fermentum. Sed a ante lacinia, adipiscing ligula at, euismod ipsum. Mauris ullamcorper congue mauris vitae venenatis. Integer dictum dui eget quam rhoncus, sit amet tempor orci cursus. Praesent nec ultrices nisl. Nam quis justo felis. Etiam dapibus condimentum augue vitae fermentum. Sed tempus mi justo.",
    "author": "John Doe",
    "email": "john@doe.com"
  },
  {
    "id": 4,
    "heading": "Content heading for #4",
    "content": "Lorem ipsum dolor sit amet, consectetur adipiscing elit. Nunc convallis interdum eleifend. Sed tempor eget sapien et fermentum. Sed a ante lacinia, adipiscing ligula at, euismod ipsum. Mauris ullamcorper congue mauris vitae venenatis. Integer dictum dui eget quam rhoncus, sit amet tempor orci cursus. Praesent nec ultrices nisl. Nam quis justo felis. Etiam dapibus condimentum augue vitae fermentum. Sed tempus mi justo.",
    "author": "John Doe",
    "email": "john@doe.com"
  },
  {
    "id": 5,
    "heading": "Content heading for #5",
    "content": "Lorem ipsum dolor sit amet, consectetur adipiscing elit. Nunc convallis interdum eleifend. Sed tempor eget sapien et fermentum. Sed a ante lacinia, adipiscing ligula at, euismod ipsum. Mauris ullamcorper congue mauris vitae venenatis. Integer dictum dui eget quam rhoncus, sit amet tempor orci cursus. Praesent nec ultrices nisl. Nam quis justo felis. Etiam dapibus condimentum augue vitae fermentum. Sed tempus mi justo.",
    "author": "John Doe",
    "email": "john@doe.com"
  }
]
